epoch,train_loss,train_f1,val_loss,val_f1,val_recall_normal_heart,val_recall_abnormal_heart_unspecified,val_recall_heart_murmur
1,0.9574627832743929,0.46446138755247396,0.8714570017194331,0.48642513550717376,0.16736401673640167,0.7524314765694076,0.8024948024948025
2,0.8456366053379516,0.5527133588426781,0.7906464355119903,0.5094142636293425,0.9377615062761506,0.03359858532272325,0.7037422037422038
3,0.8036216415687314,0.5765482546715331,0.8277400307589852,0.5718211205174669,0.49372384937238495,0.4261715296198055,0.9147609147609148
4,0.7767651606660254,0.5937114596070772,0.8525473906901594,0.5560085169316022,0.8206066945606695,0.28558797524314766,0.4968814968814969
5,0.7563513700701934,0.6077408060015627,0.8244207406163067,0.5116284869822675,0.7824267782426778,0.1220159151193634,0.7297297297297297
6,0.7401739279388359,0.6182323116862611,0.8007391551163014,0.5790530890679487,0.47384937238493724,0.5075154730327144,0.8191268191268192
7,0.7310000734588455,0.6279499606447613,0.7659227261531368,0.5996919957070959,0.4811715481171548,0.5853227232537578,0.7484407484407485
8,0.7232092623415103,0.6273364493196345,0.7307411548201362,0.5717421422082825,0.9110878661087866,0.12643678160919541,0.737006237006237
9,0.7107756253884369,0.636817227663021,0.8206727476230126,0.4920483715677193,0.8153765690376569,0.028293545534924844,0.8887733887733887
10,0.7022265717656696,0.6419445069642888,0.7664400284023916,0.5526698964216997,0.8049163179916318,0.13527851458885942,0.8357588357588358
11,0.6950210543319318,0.6457719982403588,0.8515405896562762,0.5102937987536028,0.9607740585774058,0.07250221043324491,0.5592515592515592
12,0.6911923545892132,0.6465054367847536,0.7579318344295397,0.5753950650783981,0.8582635983263598,0.16976127320954906,0.7162162162162162
13,0.6813054670140944,0.6589498712212626,0.7727709093157867,0.5465359004315307,0.8640167364016736,0.11494252873563218,0.760914760914761
14,0.6770731891320745,0.6586374654986896,0.8418478810608611,0.572285682056635,0.7348326359832636,0.32360742705570295,0.5893970893970893
15,0.6686951119010459,0.6659289581306718,0.7873597124244985,0.5734137097001079,0.729602510460251,0.21131741821396993,0.8898128898128899
16,0.6618967012479174,0.6671860243966538,0.9099558240986346,0.5705088150913208,0.5711297071129707,0.5755968169761273,0.5083160083160083
17,0.6570417898645902,0.6712718188009802,0.8464637731903055,0.5804192903531286,0.6302301255230126,0.45977011494252873,0.5821205821205822
18,0.6500587365619952,0.6753864070448424,0.8858770091249404,0.5752980019599915,0.680439330543933,0.4438549955791335,0.5239085239085239
19,0.6473951047120571,0.6782071862478946,0.8534054354037833,0.5543261394060037,0.39278242677824265,0.6525198938992043,0.6237006237006237
20,0.6380547829189949,0.6805117449968233,0.9185747393061606,0.5536657280263931,0.46914225941422594,0.6198054818744474,0.5353430353430353
