se,sp,icbhi_score,accuracy_4class,crackle_auc,crackle_precision,crackle_recall,crackle_f1,crackle_threshold,wheeze_auc,wheeze_precision,wheeze_recall,wheeze_f1,wheeze_threshold,modelo,fold,w_v4
0.45132743362831856,0.6758720930232558,0.5635997633257872,0.5868421052631579,0.7110792656257223,0.5611285266457681,0.49584487534626037,0.5264705882352941,0.65,0.7672178931333489,0.3452914798206278,0.5661764705882353,0.42896935933147634,0.65,A_v4,0,
0.45132743362831856,0.7340116279069767,0.5926695307676476,0.6219298245614036,0.7194464100932014,0.5144356955380578,0.5429362880886427,0.5283018867924528,0.6,0.7525925708928989,0.5373134328358209,0.2647058823529412,0.35467980295566504,0.7,B_cnn6_congelada,0,
0.4823008849557522,0.6875,0.5849004424778761,0.606140350877193,0.7294564023056763,0.5263157894736842,0.554016620498615,0.5398110661268556,0.6,0.8058281579564096,0.46218487394957986,0.40441176470588236,0.43137254901960786,0.65,ensamble_promedio,0,
0.497787610619469,0.6686046511627907,0.5831961308911299,0.6008771929824561,0.7282011528381795,0.5166240409207161,0.5595567867036011,0.5372340425531915,0.6,0.8015511483477855,0.4632352941176471,0.4632352941176471,0.4632352941176471,0.65,ensamble_peso_val,0,0.6
0.39915966386554624,0.735224586288416,0.5671921250769811,0.5814102564102565,0.6964892301430763,0.5323741007194245,0.47435897435897434,0.5016949152542373,0.75,0.7865347009601288,0.6133333333333333,0.4144144144144144,0.4946236559139785,0.7,A_v4,1,
0.36134453781512604,0.7730496453900709,0.5671970916025985,0.5846153846153846,0.706636846059923,0.5221518987341772,0.3525641025641026,0.42091836734693877,0.6,0.7398449794537814,0.6410256410256411,0.45045045045045046,0.5291005291005291,0.7,B_cnn6_congelada,1,
0.4173669467787115,0.7423167848699763,0.5798418658243439,0.5935897435897436,0.7177686985379294,0.5306122448979592,0.4444444444444444,0.48372093023255813,0.65,0.7922568044817435,0.7155963302752294,0.46846846846846846,0.5662431941923775,0.65,ensamble_promedio,1,
0.45518207282913165,0.6773049645390071,0.5662435186840694,0.5756410256410256,0.7152171190632729,0.4989059080962801,0.48717948717948717,0.492972972972973,0.6,0.7797136990291025,0.6296296296296297,0.5105105105105106,0.5638474295190713,0.6,ensamble_peso_val,1,0.3
0.2296875,0.8854679802955665,0.5575777401477833,0.5964187327823691,0.7025940927501935,0.6241610738255033,0.21627906976744185,0.32124352331606215,0.8,0.7748635866586238,0.6823529411764706,0.3613707165109034,0.4725050916496945,0.35,A_v4,2,
0.2234375,0.9039408866995073,0.5636891933497536,0.6039944903581267,0.6943066490693123,0.5882352941176471,0.23255813953488372,0.3333333333333333,0.7,0.7856389322712235,0.6950354609929078,0.3052959501557632,0.42424242424242425,0.85,B_cnn6_congelada,2,
0.35,0.8103448275862069,0.5801724137931035,0.6074380165289256,0.7203533882492149,0.5548780487804879,0.4232558139534884,0.48021108179419525,0.65,0.8192540441976472,0.6715686274509803,0.42679127725856697,0.5219047619047619,0.5,ensamble_promedio,2,
0.34375,0.8226600985221675,0.5832050492610837,0.6115702479338843,0.7234537841896873,0.592156862745098,0.3511627906976744,0.4408759124087591,0.7,0.82264475239016,0.622568093385214,0.4984423676012461,0.5536332179930796,0.4,ensamble_peso_val,2,0.6
0.39433293978748524,0.7049180327868853,0.5496254862871852,0.5445121951219513,0.6417807544568108,0.5214067278287462,0.5336463223787168,0.5274555297757154,0.6,0.8368747463348479,0.627906976744186,0.3576158940397351,0.45569620253164556,0.95,A_v4,3,
0.3412042502951594,0.7238335435056746,0.532518896900417,0.526219512195122,0.5998836843907266,0.4842105263157895,0.431924882629108,0.456575682382134,0.6,0.7927815559449214,0.8712871287128713,0.2913907284768212,0.43672456575682383,0.95,B_cnn6_congelada,3,
0.3742621015348288,0.7225725094577553,0.5484173054962921,0.5426829268292683,0.6296645451575028,0.4991596638655462,0.4647887323943662,0.4813614262560778,0.6,0.848649758956236,0.8489208633093526,0.39072847682119205,0.5351473922902494,0.9,ensamble_promedio,3,
0.3742621015348288,0.7225725094577553,0.5484173054962921,0.5426829268292683,0.6296645451575028,0.4991596638655462,0.4647887323943662,0.4813614262560778,0.6,0.848649758956236,0.8489208633093526,0.39072847682119205,0.5351473922902494,0.9,ensamble_peso_val,3,0.5
0.3648424543946932,0.7475149105367793,0.5561786824657362,0.538878842676311,0.6264937443190932,0.5915492957746479,0.3559322033898305,0.4444444444444444,0.65,0.7982754342431762,0.727810650887574,0.41,0.5245202558635395,0.85,A_v4,4,
0.4096185737976783,0.6679920477137177,0.538805310755698,0.527124773960217,0.6537320216008128,0.5915492957746479,0.4449152542372881,0.5078597339782346,0.6,0.7941315136476426,0.6308243727598566,0.5866666666666667,0.6079447322970639,0.65,B_cnn6_congelada,4,
0.4593698175787728,0.5765407554671969,0.5179552865229848,0.5126582278481012,0.6588682296957709,0.5626477541371159,0.5042372881355932,0.5318435754189944,0.55,0.8372373862696443,0.6283987915407855,0.6933333333333334,0.659270998415214,0.55,ensamble_promedio,4,
0.4593698175787728,0.5765407554671969,0.5179552865229848,0.5126582278481012,0.6588682296957709,0.5626477541371159,0.5042372881355932,0.5318435754189944,0.55,0.8372373862696443,0.6283987915407855,0.6933333333333334,0.659270998415214,0.55,ensamble_peso_val,4,0.5
