epoch,train_loss,val_loss,val_se,val_sp,val_icbhi_score,val_accuracy_4class,val_crackle_auc,val_crackle_precision,val_crackle_recall,val_crackle_f1,val_crackle_threshold,val_wheeze_auc,val_wheeze_precision,val_wheeze_recall,val_wheeze_f1,val_wheeze_threshold,val_mean_auc
1,1.061801097234637,1.0724172592163086,0.11312217194570136,0.9279279279279279,0.5205250499368146,0.4399277326106594,0.61542137129766,0.6428571428571429,0.15428571428571428,0.2488479262672811,0.55,0.40455405208788014,0.0,0.0,0.0,0.6,0.50998771169277
2,1.0035638234943913,1.0307905673980713,0.10708898944193061,0.9572072072072072,0.5321480983245689,0.4480578139114724,0.6664539355261004,0.7142857142857143,0.14285714285714285,0.23809523809523808,0.6,0.5710267229254572,0.0,0.0,0.0,0.75,0.6187403292257788
3,0.962802254379603,1.0525246858596802,0.2579185520361991,0.7702702702702703,0.5140944111532347,0.4634146341463415,0.6486303387334315,0.5786163522012578,0.3504761904761905,0.4365361803084223,0.5,0.6403899316164702,0.0,0.0,0.0,0.85,0.6445101351749508
4,0.9353678870062704,1.039829969406128,0.19909502262443438,0.831081081081081,0.5150880518527577,0.45257452574525747,0.6441335297005399,0.6042553191489362,0.2704761904761905,0.3736842105263158,0.55,0.6468257432465202,0.0,0.0,0.0,0.8,0.64547963647353
5,0.9150099974246569,1.010939359664917,0.1478129713423831,0.8851351351351351,0.5164740532387591,0.44354110207768743,0.6577417771232205,0.6303030303030303,0.1980952380952381,0.30144927536231886,0.6,0.6886318444153451,0.0,0.0,0.0,0.85,0.6731868107692828
6,0.8958231832001496,0.9927135109901428,0.22021116138763197,0.8761261261261262,0.5481686437568791,0.4832881662149955,0.6901489117983963,0.6835443037974683,0.30857142857142855,0.4251968503937008,0.65,0.6603618022212522,0.0,0.0,0.0,0.95,0.6752553570098243
7,0.8845378600559141,1.0522257089614868,0.3031674208144796,0.7657657657657657,0.5344665932901227,0.48870822041553746,0.6741417116674849,0.6335227272727273,0.4247619047619048,0.508551881413911,0.55,0.6704883844997334,0.0,0.0,0.0,0.8,0.6723150480836091
8,0.8789023007149083,1.0034757852554321,0.3288084464555053,0.7522522522522522,0.5405303493538788,0.4986449864498645,0.682120765832106,0.654485049833887,0.37523809523809526,0.47699757869249393,0.55,0.6978563460885591,0.6782608695652174,0.3291139240506329,0.4431818181818182,0.55,0.6899885559603325
9,0.8642920217342823,1.0484641790390015,0.3212669683257919,0.8243243243243243,0.5727956463250581,0.5230352303523035,0.7115333006054656,0.6979472140762464,0.4533333333333333,0.5496535796766744,0.65,0.7078228818080411,0.0,0.0,0.0,0.85,0.7096780912067533
10,0.8540192215808154,1.0073965787887573,0.3378582202111614,0.7995495495495496,0.5687038848803555,0.5230352303523035,0.7017198494518082,0.7193675889328063,0.3466666666666667,0.46786632390745503,0.6,0.7394781512197489,0.6754966887417219,0.43037974683544306,0.5257731958762887,0.4,0.7205990003357785
11,0.8415296730931614,0.9773861169815063,0.30165912518853694,0.8423423423423423,0.5720007337654396,0.5185185185185185,0.7140435280641466,0.7488584474885844,0.31238095238095237,0.44086021505376344,0.7,0.7443425966341723,0.6477987421383647,0.4345991561181435,0.5202020202020202,0.4,0.7291930623491595
12,0.8205986964628277,1.1427570581436157,0.29260935143288086,0.8603603603603603,0.5764848558966206,0.5203252032520326,0.722572410407462,0.7772277227722773,0.29904761904761906,0.43191196698762035,0.65,0.739502400698385,0.6893939393939394,0.38396624472573837,0.4932249322493225,0.25,0.7310374055529235
13,0.8170504629727308,1.029805064201355,0.363499245852187,0.8175675675675675,0.5905334067098773,0.5456187895212286,0.724702994599902,0.7558528428093646,0.43047619047619046,0.5485436893203883,0.7,0.7037780687715214,0.6590909090909091,0.3670886075949367,0.4715447154471545,0.35,0.7142405316857117
14,0.8101103142804162,0.9500473141670227,0.3815987933634992,0.7657657657657657,0.5736822795646325,0.5356820234869015,0.7079135984290623,0.711864406779661,0.4,0.5121951219512195,0.55,0.799456811678549,0.6491228070175439,0.46835443037974683,0.5441176470588235,0.55,0.7536852050538057
15,0.8070063915106077,1.0987417697906494,0.3257918552036199,0.8603603603603603,0.5930761077819902,0.5401987353206865,0.7314023891343479,0.7469879518072289,0.4723809523809524,0.5787631271878646,0.7,0.6905815024976962,0.6,0.012658227848101266,0.024793388429752067,0.8,0.7109919458160221
16,0.7924403917453694,1.0669960975646973,0.38461538461538464,0.7972972972972973,0.590956340956341,0.5501355013550135,0.7317002127311406,0.708029197080292,0.5542857142857143,0.6217948717948718,0.6,0.7310975314030748,0.8,0.016877637130801686,0.03305785123966942,0.85,0.7313988720671076
17,0.7922826563894197,1.1777782440185547,0.444947209653092,0.7702702702702703,0.6076087399616812,0.5754290876242095,0.7360137457044673,0.7246376811594203,0.5714285714285714,0.6389776357827476,0.6,0.6996071584460933,0.65,0.3291139240506329,0.4369747899159664,0.25,0.7178104520752804
18,0.7845063691778968,1.089015007019043,0.334841628959276,0.8490990990990991,0.5919703640291876,0.5411020776874436,0.7192374406807396,0.7735849056603774,0.3904761904761905,0.5189873417721519,0.7,0.7569377758378194,0.6938775510204082,0.2869198312236287,0.4059701492537313,0.3,0.7380876082592795
19,0.7767283249429363,0.9740854501724243,0.41025641025641024,0.7905405405405406,0.6003984753984755,0.5627822944896116,0.7337195221731305,0.7301136363636364,0.4895238095238095,0.5860889395667047,0.65,0.7624327076967845,0.6991150442477876,0.3333333333333333,0.4514285714285714,0.45,0.7480761149349575
20,0.7725362997751188,1.0346170663833618,0.38009049773755654,0.8333333333333334,0.606711915535445,0.5618789521228545,0.7398298150875471,0.7660256410256411,0.4552380952380952,0.5710872162485066,0.75,0.7475338280226975,0.6991869918699187,0.3628691983122363,0.4777777777777778,0.35,0.7436818215551223
21,0.7695975769106943,0.9390748739242554,0.4419306184012066,0.7725225225225225,0.6072265704618646,0.5745257452574526,0.7403534609720177,0.7313829787234043,0.5238095238095238,0.6104328523862376,0.65,0.7832193607837432,0.6907894736842105,0.4430379746835443,0.5398457583547558,0.45,0.7617864108778805
22,0.7725560810585941,1.165521502494812,0.38461538461538464,0.8468468468468469,0.6157311157311157,0.5700090334236676,0.7402160039273442,0.7864077669902912,0.46285714285714286,0.5827338129496403,0.65,0.7306125418303506,0.7264957264957265,0.35864978902953587,0.480225988700565,0.25,0.7354142728788474
23,0.7650814938611867,1.0772088766098022,0.3438914027149321,0.8738738738738738,0.608882638294403,0.5564588979223125,0.7402487317951236,0.8396624472573839,0.379047619047619,0.5223097112860893,0.75,0.7572481691643629,0.6829268292682927,0.35443037974683544,0.4666666666666667,0.3,0.7487484504797433
24,0.7696374634137028,1.026055932044983,0.3333333333333333,0.8468468468468469,0.5900900900900901,0.5392953929539296,0.7346457208312878,0.78099173553719,0.36,0.49282920469361147,0.65,0.7755225762646102,0.6756756756756757,0.4219409282700422,0.5194805194805194,0.35,0.7550841485479489
25,0.769744422981186,0.9525361657142639,0.3650075414781297,0.8130630630630631,0.5890353022705964,0.5447154471544715,0.7329471444935363,0.7447552447552448,0.4057142857142857,0.5252774352651048,0.6,0.790212910422426,0.6891891891891891,0.43037974683544306,0.5298701298701298,0.5,0.7615800274579811
26,0.7337673989912946,1.1361438035964966,0.4494720965309201,0.786036036036036,0.6177540662834781,0.5844625112917796,0.7528784159711994,0.7293233082706767,0.5542857142857143,0.6298701298701299,0.7,0.7253019060090208,0.7142857142857143,0.379746835443038,0.49586776859504134,0.25,0.7390901609901102
27,0.7520175735890494,1.0750027894973755,0.363499245852187,0.8130630630630631,0.5882811544576251,0.5438121047877146,0.7305285550646375,0.73125,0.44571428571428573,0.5538461538461539,0.65,0.789373878461613,0.7117117117117117,0.3333333333333333,0.4540229885057471,0.35,0.7599512167631253
28,0.7501109616137709,1.099863052368164,0.33634992458521873,0.8828828828828829,0.6096164037340508,0.5555555555555556,0.7467550319096711,0.8290598290598291,0.36952380952380953,0.5111989459815547,0.8,0.7657500363742179,0.7327586206896551,0.35864978902953587,0.48158640226628896,0.3,0.7562525341419445
29,0.7520163705902083,1.2151366472244263,0.40271493212669685,0.7882882882882883,0.5955016102074926,0.5573622402890696,0.7463786614302079,0.7146739130434783,0.5009523809523809,0.5890257558790594,0.6,0.726950870556283,0.7227722772277227,0.3080168776371308,0.4319526627218935,0.25,0.7366647659932455
30,0.732566717836683,1.0071157217025757,0.42835595776772245,0.7905405405405406,0.6094482491541315,0.5736224028906955,0.7526198658157421,0.7478260869565218,0.49142857142857144,0.593103448275862,0.6,0.7677287938309326,0.6973684210526315,0.4472573839662447,0.5449871465295629,0.35,0.7601743298233374
31,0.7283266484673319,1.1381274461746216,0.4419306184012066,0.786036036036036,0.6139833272186213,0.5799457994579946,0.7538046146293568,0.7261306532663316,0.5504761904761905,0.6262188515709642,0.7,0.7553518599350114,0.75,0.3670886075949367,0.49291784702549574,0.25,0.7545782372821841
32,0.72995793877097,1.1044623851776123,0.45098039215686275,0.7522522522522522,0.6016163222045575,0.5718157181571816,0.7389330715103912,0.6995305164319249,0.5676190476190476,0.6267087276550999,0.5,0.7721955477957223,0.7383177570093458,0.3333333333333333,0.45930232558139533,0.4,0.7555643096530568
33,0.7246383450359869,0.9043228030204773,0.4193061840120664,0.7792792792792793,0.5992927316456729,0.5636856368563685,0.7423302241858943,0.726775956284153,0.5066666666666667,0.5970819304152637,0.7,0.7961152335224794,0.7153846153846154,0.3924050632911392,0.5068119891008175,0.55,0.7692227288541869
34,0.7187241117586707,1.0712029933929443,0.42081447963800905,0.8108108108108109,0.6158126452244099,0.5772357723577236,0.7595352642775324,0.7544378698224852,0.4857142857142857,0.5909617612977984,0.75,0.7775061836170523,0.7218543046357616,0.459915611814346,0.5618556701030928,0.25,0.7685207239472923
35,0.7207290206614732,0.8887861967086792,0.4298642533936652,0.777027027027027,0.6034456402103461,0.5691056910569106,0.7529471444935362,0.7515337423312883,0.4666666666666667,0.5757931844888367,0.65,0.7942383238760365,0.6363636363636364,0.5907172995780591,0.612691466083151,0.65,0.7735927341847864
36,0.7167721237066971,1.0057710409164429,0.48868778280542985,0.7027027027027027,0.5956952427540663,0.5745257452574526,0.7343184421534937,0.6795698924731183,0.6019047619047619,0.6383838383838384,0.6,0.7593384742228042,0.7226277372262774,0.4177215189873418,0.5294117647058824,0.4,0.746828458188149
37,0.7161663066338683,0.9644685983657837,0.3288084464555053,0.8648648648648649,0.5968366556601851,0.5438121047877146,0.7381917853051874,0.7752808988764045,0.3942857142857143,0.5227272727272727,0.65,0.7750036374217953,0.7311827956989247,0.2869198312236287,0.4121212121212121,0.55,0.7565977113634914
38,0.7103106738213338,1.1311317682266235,0.3393665158371041,0.8783783783783784,0.6088724471077412,0.5555555555555556,0.7414629356897399,0.8149779735682819,0.3523809523809524,0.4920212765957447,0.6,0.7852902662592756,0.7291666666666666,0.4430379746835443,0.5511811023622047,0.25,0.7633766009745078
39,0.7042556532324834,0.9975141286849976,0.40271493212669685,0.8175675675675675,0.6101412498471321,0.5691056910569106,0.7460137457044673,0.7530864197530864,0.46476190476190476,0.574793875147232,0.7,0.77844221349241,0.7012987012987013,0.45569620253164556,0.5524296675191815,0.35,0.7622279795984387
40,0.6985220612312896,1.0773892402648926,0.3755656108597285,0.8378378378378378,0.6067017243487831,0.5609756097560976,0.7490558010145639,0.7777777777777778,0.44,0.5620437956204379,0.7,0.7214122896357729,0.7079646017699115,0.33755274261603374,0.45714285714285713,0.35,0.7352340453251685
