nivel,metrica,media,std
window,accuracy,0.8694506534794002,0.022526439512479807
window,precision,0.6055431863834536,0.062019433927392086
window,recall,0.7818735265853863,0.025654511852743398
window,f1,0.6806115502062583,0.0390881895693177
window,f2,0.7372567723540683,0.02218198314891708
subject,accuracy,0.49243435987853357,0.07863349253084294
subject,precision,0.2676506209114075,0.034481144992999604
subject,recall,0.9384126984126985,0.023826713371617642
subject,f1,0.41553941794199345,0.0406873258461973
subject,f2,0.6230584807346679,0.03604747585443427
