epoch,train_loss,val_loss,val_se,val_sp,val_icbhi_score,val_accuracy_4class,val_crackle_auc,val_crackle_precision,val_crackle_recall,val_crackle_f1,val_crackle_threshold,val_wheeze_auc,val_wheeze_precision,val_wheeze_recall,val_wheeze_f1,val_wheeze_threshold
1,0.9887660869705955,0.9458622932434082,0.20574162679425836,0.8284518828451883,0.5170967548197234,0.5379464285714286,0.6496982937994175,0.5406698564593302,0.31741573033707865,0.4,0.6,0.5815479758937305,0.0,0.0,0.0,0.7
2,0.967645492290259,0.9430093169212341,0.5789473684210527,0.4435146443514644,0.5112310063862585,0.5066964285714286,0.6363087806908032,0.49833333333333335,0.8398876404494382,0.6255230125523012,0.4,0.5494799061832791,0.0,0.0,0.0,0.65
3,0.9380964082296372,0.91580730676651,0.5598086124401914,0.48326359832635984,0.5215361053832757,0.5189732142857143,0.6425301706200582,0.506108202443281,0.8146067415730337,0.6243272335844995,0.5,0.5751217408681202,0.0,0.0,0.0,0.75
4,0.9205844016973713,0.9306932687759399,0.4904306220095694,0.5481171548117155,0.5192738884106425,0.5212053571428571,0.637213899292551,0.5,0.6910112359550562,0.5801886792452831,0.45,0.6457998085802332,0.0,0.0,0.0,0.95
5,0.9058634519631684,0.9818509221076965,0.3444976076555024,0.698744769874477,0.5216211887649898,0.5334821428571429,0.6391541822721598,0.5239520958083832,0.49157303370786515,0.5072463768115942,0.5,0.6454842814922328,0.3333333333333333,0.032520325203252036,0.05925925925925926,0.9
6,0.894271715826422,0.9685428738594055,0.5717703349282297,0.4874476987447699,0.5296090168364997,0.5267857142857143,0.6209269662921347,0.5109090909090909,0.7893258426966292,0.6203090507726269,0.4,0.647472102146636,0.3076923076923077,0.032520325203252036,0.058823529411764705,0.9
7,0.8804381437008668,1.1359245777130127,0.4784688995215311,0.5669456066945606,0.5227072531080459,0.5256696428571429,0.6402569704535997,0.5198237885462555,0.6629213483146067,0.582716049382716,0.5,0.6594621314906551,0.39285714285714285,0.08943089430894309,0.1456953642384106,0.95
8,0.8896765225745843,0.9291692972183228,0.2727272727272727,0.7531380753138075,0.5129326740205401,0.5290178571428571,0.6477736163129422,0.5291970802919708,0.40730337078651685,0.4603174603174603,0.65,0.6385111328474217,0.0,0.0,0.0,0.95
9,0.8725322096077798,0.9238223433494568,0.5717703349282297,0.4476987447698745,0.509734539849052,0.5055803571428571,0.6441947565543071,0.49829931972789115,0.8230337078651685,0.6207627118644068,0.55,0.6453685882266326,0.0,0.0,0.0,0.95
10,0.8761216479668318,0.9278126358985901,0.42105263157894735,0.6213389121338913,0.5211957718564193,0.5279017857142857,0.633843112775697,0.5167464114832536,0.6067415730337079,0.5581395348837209,0.55,0.655717876713049,0.0,0.0,0.0,0.95
11,0.8602806476757429,1.0877759456634521,0.4019138755980861,0.6213389121338913,0.5116263938659886,0.5189732142857143,0.63722430295464,0.5097560975609756,0.5870786516853933,0.5456919060052219,0.65,0.6227452960169965,0.0,0.0,0.0,0.95
12,0.8660408564523402,0.9276355504989624,0.41866028708133973,0.6192468619246861,0.5189535745030129,0.5256696428571429,0.6372867249271744,0.5167464114832536,0.6067415730337079,0.5581395348837209,0.7,0.680591928817089,0.125,0.008130081300813009,0.015267175572519083,0.95
13,0.8574597425058532,0.9933584928512573,0.33014354066985646,0.6841004184100419,0.5071219795399492,0.5189732142857143,0.6420672076570954,0.514367816091954,0.5028089887640449,0.5085227272727273,0.7,0.628119774082605,0.0,0.0,0.0,0.95
14,0.8561169518510555,0.9741271734237671,0.5645933014354066,0.45397489539748953,0.5092840984164481,0.5055803571428571,0.6448970037453184,0.49914529914529915,0.8202247191011236,0.620616365568544,0.6,0.6509008298362414,0.0,0.0,0.0,0.9
15,0.8536011721496459,0.9774643778800964,0.507177033492823,0.5439330543933054,0.5255550439430642,0.5267857142857143,0.6278454015813566,0.5138888888888888,0.7275280898876404,0.6023255813953489,0.4,0.6557178767130492,0.0,0.0,0.0,0.95
16,0.847896954134373,1.0507432222366333,0.39952153110047844,0.6213389121338913,0.5104302216171849,0.5178571428571429,0.6398304203079485,0.508557457212714,0.5842696629213483,0.5437908496732026,0.7,0.6104607747241767,0.0,0.0,0.0,0.95
17,0.8476457899177583,0.9543253183364868,0.5358851674641149,0.48535564853556484,0.5106204079998399,0.5089285714285714,0.6206928838951311,0.49633699633699635,0.7612359550561798,0.6008869179600886,0.4,0.7110508103787377,0.3076923076923077,0.032520325203252036,0.058823529411764705,0.95
18,0.8488256660200816,0.9791898727416992,0.45454545454545453,0.5920502092050209,0.5232978318752377,0.5279017857142857,0.6298637120266333,0.5218390804597701,0.6376404494382022,0.5739570164348925,0.45,0.7019215599659232,0.4642857142857143,0.10569105691056911,0.17218543046357615,0.9
19,0.8469136962099176,0.9773703813552856,0.5095693779904307,0.5418410041841004,0.5257051910872655,0.5267857142857143,0.6311537661256763,0.5138339920948617,0.7303370786516854,0.6032482598607889,0.45,0.6838944456714943,0.125,0.008130081300813009,0.015267175572519083,0.95
20,0.8411240702318195,0.9575499296188354,0.4880382775119617,0.5627615062761506,0.5253998918940561,0.5279017857142857,0.6282251352476073,0.5163265306122449,0.7106741573033708,0.5981087470449172,0.5,0.659988009970656,0.2222222222222222,0.016260162601626018,0.030303030303030304,0.95
