source_db,sound_type,native_sr,raw_duration_sec,raw_rms,raw_peak,raw_spectral_centroid_hz,raw_zcr,raw_silence_frac,proc_duration_sec,proc_rms,proc_peak,proc_spectral_centroid_hz,proc_zcr,proc_silence_frac
CIR,cardiac,4000,21.6,0.04287037253379822,0.999969482421875,447.6830164110344,0.21214520155325445,0.12167824074074074,21.6,0.08511675280225835,1.0,450.22248542662635,0.21205274593195267,0.052800925925925925
CIR,cardiac,4000,12.992,0.04655775427818298,1.0,387.22309059551094,0.14731732536764705,0.10340979064039409,12.992,0.07964180583369115,1.0,390.4063312075149,0.1474322150735294,0.048318195812807885
CIR,cardiac,4000,31.92,0.06288839876651764,1.0,451.0059616540257,0.201119140625,0.03880012531328321,31.92,0.0980058087193985,1.0,450.8805765409878,0.2011171875,0.02406015037593985
CIR,cardiac,4000,31.888,0.032383158802986145,1.0,370.09417155042723,0.161212890625,0.12227170095333668,31.888,0.08411467723387074,1.0,371.5053830670983,0.161341796875,0.040407049673858504
CIR,cardiac,4000,7.056,0.0529949888586998,1.0,327.957886489405,0.16843959263392858,0.0668579931972789,7.056,0.09247722216715536,1.0,329.80655476867014,0.1685791015625,0.03599773242630386
CIR,cardiac,4000,29.152,0.03417611122131348,1.0,341.90826653895357,0.11695835046600878,0.1783239571899012,29.152,0.06208028209171092,1.0,346.2074574926853,0.11721105742872807,0.06204548572996707
CIR,cardiac,4000,17.52,0.02063438482582569,0.78173828125,308.8218793178589,0.08778726619525548,0.1035958904109589,17.52,0.08948373844723415,1.0,310.44670060067665,0.08745936929744526,0.02173230593607306
CIR,cardiac,4000,30.592,0.0290016308426857,1.0,626.8186345027881,0.30438232421875,0.06853916056485355,30.592,0.08170505449050636,1.0,628.413224332783,0.30456746419270836,0.020332112970711295
CIR,cardiac,4000,20.752,0.016319891437888145,0.8975830078125,282.7095609223392,0.07669011215490798,0.14891335774865072,20.752,0.08580170870884331,1.0,284.6582285010519,0.07682491372699386,0.02516624903623747
CIR,cardiac,4000,20.16,0.07696247100830078,1.0,465.9551967621978,0.23626322685917722,0.08475942460317461,20.16,0.09743459805837641,1.0,465.1573544107779,0.2366495253164557,0.06556299603174603
CIR,cardiac,4000,19.952,0.04659869149327278,1.0,518.8171932127561,0.22278771033653846,0.09022904971932638,19.952,0.08689569489734193,1.0,528.0913665050042,0.22293795072115385,0.04202586206896552
CIR,cardiac,4000,19.296,0.19107981026172638,0.905670166015625,411.79947316494554,0.14718284354304637,0.01750362769485904,19.296,0.1,0.4738770055092356,411.63530606012546,0.14720871274834438,0.03425580431177446
CIR,cardiac,4000,19.856,0.025975817814469337,0.7884521484375,282.2490487746544,0.0844570062099359,0.06391015310233683,19.856,0.09622205957500744,1.0,283.05681650811624,0.08443822616185898,0.016078263497179692
CIR,cardiac,4000,20.288,0.032370854169130325,0.92779541015625,529.460385926322,0.29545622051886794,0.13069302050473186,20.288,0.08998322345604534,1.0,529.445087280669,0.29541015625,0.04303036277602524
CIR,cardiac,4000,19.584,0.013826603069901466,0.306304931640625,397.9167135688525,0.11075106534090909,0.11404718137254902,19.584,0.09583101727822806,1.0,399.9076246688353,0.11084618506493507,0.01604626225490196
CIR,cardiac,4000,21.792,0.03335122391581535,1.0,449.4400957842539,0.24539131030701755,0.09456451908957415,21.792,0.0801241537885857,1.0,449.9281215204662,0.24560261330409358,0.0318924375917768
CIR,cardiac,4000,20.752,0.030734486877918243,0.999969482421875,573.3706219964668,0.2657028853527607,0.09164176946800308,20.752,0.07407054403593526,1.0,579.9231193310276,0.2655411234662577,0.028226195065535854
CIR,cardiac,4000,11.28,0.047062672674655914,1.0,319.80195007000344,0.11817503511235955,0.08679078014184397,11.28,0.09522718135018438,1.0,320.31033474837756,0.11839448735955056,0.041622340425531916
CIR,cardiac,4000,19.792,0.06236222758889198,1.0,513.8585031975259,0.22132371471774193,0.0616410670978173,19.792,0.09760220774566647,1.0,514.7218176149814,0.22177734375,0.0386519805982215
CIR,cardiac,4000,29.296,0.12161848694086075,1.0,385.6618634061451,0.15403247816593887,0.0648467367558711,29.296,0.1,0.8378081803104711,384.6661285309437,0.1540964451419214,0.07950744128891316
CIR,cardiac,4000,28.752,0.036519650369882584,1.0,341.92797729402366,0.13745225694444443,0.1078881469115192,28.752,0.09024380600707299,1.0,344.04101970334045,0.13756076388888888,0.040388494713411244
CIR,cardiac,4000,21.888,0.06228160113096237,1.0,460.820435592949,0.16184252361918605,0.04944490131578947,21.888,0.09622052613242854,1.0,460.57357485134827,0.1616154160610465,0.03126142178362573
CIR,cardiac,4000,34.16,0.09271311014890671,1.0,402.64423361215205,0.18637530723314608,0.03956381733021077,34.16,0.09890563673230486,1.0,402.30250583428256,0.18666973899812733,0.03730971896955503
CIR,cardiac,4000,28.992,0.04652542993426323,0.9630126953125,268.6353565036024,0.09013628854625551,0.11498861754966887,28.992,0.09143779956351532,1.0,277.9820646839885,0.09033203125,0.054799599889624726
CIR,cardiac,4000,29.792,0.06018560752272606,1.0,534.0578048721492,0.22000947223712447,0.05116306390977444,29.792,0.09330067247916107,1.0,534.8534917266829,0.2199088821083691,0.031291957572502686
CIR,cardiac,4000,11.856,0.03133440017700195,1.0,583.7225788823787,0.24614100302419356,0.11336032388663968,11.856,0.05939327128823866,1.0,587.232328308181,0.24553196404569894,0.03612095141700405
CIR,cardiac,4000,20.992,0.04985444247722626,0.978271484375,367.2541926589073,0.13961292613636364,0.09409536966463415,20.992,0.09530996455951324,1.0,371.191565264147,0.13970466382575758,0.04822075076219512
CIR,cardiac,4000,36.288,0.10390961170196533,1.0,456.27756105574457,0.14287556393045775,0.023954199735449735,36.288,0.10000000000000003,0.9737685410785476,455.54765819333704,0.1428102305237676,0.02498070987654321
CIR,cardiac,4000,19.856,0.012132491916418076,0.47515869140625,450.85411798440384,0.1565379607371795,0.12753072119258663,19.856,0.09413543420359932,1.0,448.36731237173694,0.15685409154647437,0.016053082191780824
CIR,cardiac,4000,29.696,0.03901112452149391,1.0,594.7719029841701,0.2935890557939914,0.04837351831896552,29.696,0.09033864529393186,1.0,596.4416975190095,0.293597438304721,0.019118736530172414
CIR,cardiac,4000,29.792,0.03761034086346626,1.0,315.75128531552036,0.1333615544527897,0.09022556390977443,29.792,0.0913050478648196,1.0,316.9820029663656,0.13343280579399142,0.0343296858216971
CIR,cardiac,4000,12.048,0.029719095677137375,0.573577880859375,260.61471666488535,0.07307257401315789,0.08725514608233732,12.048,0.09854478290312661,1.0,260.8271648116849,0.07286698190789474,0.025792662682602923
CIR,cardiac,4000,16.88,0.030162030830979347,1.0,338.53333414519705,0.11197546756628787,0.09610485781990522,16.88,0.0859695044767546,1.0,345.46934537941024,0.11227139559659091,0.027399289099526065
CIR,cardiac,4000,21.392,0.05357257276773453,0.999969482421875,537.7915256786878,0.255126953125,0.07381264023934181,21.392,0.093275431646038,1.0,539.0363977810708,0.2550571986607143,0.03950074794315632
CIR,cardiac,4000,22.992,0.022263573482632637,0.809234619140625,452.79422617920807,0.23525119357638888,0.11507263395963814,22.992,0.0885280571171931,1.0,468.91179724915185,0.23506130642361112,0.025965553235908143
CIR,cardiac,4000,30.8,0.04944181442260742,1.0,645.9373811210238,0.2995129343879668,0.11474025974025974,30.8,0.07644756881517493,1.0,657.4008087888418,0.2993670578319502,0.057256493506493505
CIR,cardiac,4000,19.952,0.03883220627903938,0.8388671875,300.17973124092197,0.0858905498798077,0.07476694065757819,19.952,0.09756395406342257,1.0,301.5188387903639,0.08566518930288461,0.028568564554931838
CIR,cardiac,4000,18.848,0.09834861755371094,1.0,467.7753192595463,0.20768779032939189,0.029923599320882854,18.848,0.09929406844907794,1.0,466.4695239243856,0.20737436655405406,0.02944609507640068
CIR,cardiac,4000,30.96,0.06632792204618454,1.0,345.1066599842352,0.13740678267045456,0.054667312661498706,30.96,0.09221756496533028,1.0,355.04457558851414,0.1372897565857438,0.03691860465116279
CIR,cardiac,4000,18.688,0.024693578481674194,0.97650146484375,368.92646805130704,0.1530711894132653,0.21445580051369864,18.688,0.06718388117833972,1.0,370.38253134881,0.15319076849489796,0.05443332619863014
CIR,cardiac,4000,23.456,0.05196388065814972,1.0,385.42899695465667,0.12631092900815216,0.10882077080491133,23.456,0.0812187647062631,1.0,388.4410975658755,0.12631889011548914,0.05804484993178718
CIR,cardiac,4000,21.296,0.041051462292671204,0.999969482421875,392.2893211841406,0.17591867047155688,0.06029301277235161,21.296,0.09162171285829489,1.0,393.9382177756522,0.17580171687874252,0.025216003005259204
CIR,cardiac,4000,29.248,0.045012302696704865,1.0,328.9041298388396,0.09989509415938864,0.07978323304157549,29.248,0.0874279548215121,1.0,331.2009784030572,0.09989082969432314,0.03622469912472648
CIR,cardiac,4000,20.784,0.02128450945019722,0.900146484375,485.9368304410666,0.17478072277607362,0.0804464973056197,20.784,0.08155126748427118,1.0,485.8570169113777,0.1743074194785276,0.017092474980754425
CIR,cardiac,4000,19.792,0.041711896657943726,0.953765869140625,565.1837804414807,0.23267389112903225,0.12127374696847211,19.792,0.08874596217043958,1.0,567.7250018494085,0.23287550403225807,0.05188965238480194
CIR,cardiac,4000,18.288,0.040776170790195465,1.0,268.3380805596769,0.10414390297202797,0.11499343832020997,18.288,0.08088459336464984,1.0,268.63614749621024,0.1041712194055944,0.04735345581802275
CIR,cardiac,4000,29.776,0.06933456659317017,1.0,406.56831909183927,0.1254924725053648,0.03836982804943579,29.776,0.09773823405690549,1.0,408.77349398717087,0.1255427675697425,0.026489454594304136
CIR,cardiac,4000,10.144,0.07609808444976807,1.0,266.16092723828467,0.093988037109375,0.04167488170347003,10.144,0.09920505823496817,1.0,266.53966690238065,0.093756103515625,0.03194006309148265
CIR,cardiac,4000,25.888,0.033318761736154556,1.0,427.90472012687974,0.1987400900554187,0.21723385352286773,25.888,0.06576435658464534,1.0,430.5530152886825,0.19897821736453203,0.07481265451174289
CIR,cardiac,4000,20.048,0.03405221179127693,1.0,617.2720147302472,0.34067102906050956,0.0885749201915403,20.048,0.07197039673205179,1.0,620.7050760428874,0.3407829916401274,0.03028980446927374
CIR,cardiac,4000,16.848,0.023958245292305946,1.0,332.8759855741877,0.10362659801136363,0.116423314339981,16.848,0.08081980525510754,1.0,334.4812380823498,0.10368578361742424,0.028712606837606836
CIR,cardiac,4000,20.08,0.025798438116908073,0.97723388671875,602.236871074872,0.2149837032245223,0.15501743027888445,20.08,0.08015536544232772,1.0,605.6102487823246,0.21520762838375795,0.040413346613545814
CIR,cardiac,4000,11.056,0.029324423521757126,1.0,549.0955782904504,0.2519250628591954,0.06600488422575977,11.056,0.07975585258663827,1.0,548.8554361754999,0.2521046605603448,0.01935600578871201
CIR,cardiac,4000,14.592,0.08945770561695099,0.999969482421875,248.00638251445284,0.09805536684782609,0.05532140899122807,14.592,0.09960269304827399,1.0,247.6046931598877,0.09805536684782609,0.0502844024122807
CIR,cardiac,4000,23.296,0.11971952021121979,1.0,440.58330524479993,0.1792178961748634,0.034759186126373624,23.296,0.1,0.8400171854027559,440.1663302740107,0.17923123719262296,0.041616586538461536
CIR,cardiac,4000,30.992,0.04161948710680008,1.0,347.9790508222234,0.14414946630658437,0.07567275425916366,30.992,0.08422809246517302,1.0,350.57864867100886,0.14414946630658437,0.03200826019617966
CIR,cardiac,4000,19.584,0.020057084038853645,0.86614990234375,349.82788273118746,0.12067522321428571,0.13163807189542484,19.584,0.07707155984125114,1.0,350.1009990894133,0.12039620535714286,0.02607996323529412
CIR,cardiac,4000,31.2,0.06478749960660934,1.0,404.10606911127235,0.14090716252561475,0.07784455128205128,31.2,0.09381069360841032,1.0,405.5703998351381,0.14076307953381148,0.05075320512820513
CIR,cardiac,4000,31.76,0.054740555584430695,1.0,478.9814966530871,0.17606559048694778,0.056903337531486145,31.76,0.09241614994584721,1.0,482.52086859798624,0.1759753859186747,0.0311161838790932
CIR,cardiac,4000,18.256,0.08583800494670868,1.0,591.7082173910811,0.2937745847902098,0.06452673093777388,18.256,0.099619607934555,1.0,590.8505310051422,0.2940375054632867,0.056433501314636286
ICB,pulmonary,44100,20.0,0.20126789808273315,1.0,789.3156070138743,0.003939123258850842,0.011935374149659865,20.0,0.1,0.5022392932102907,121.2210013012699,0.03001219148089172,0.0191625
ICB,pulmonary,44100,20.0,0.011766225099563599,0.0676872730255127,2465.749839718115,0.02323119196169472,0.07222675736961451,20.0,0.1,0.4743560052848243,336.61947349751415,0.04713002587579618,0.0096
ICB,pulmonary,44100,20.0,0.25632649660110474,1.0,1052.2042654574896,0.004007136897852583,0.009382086167800454,20.0,0.1,0.40755485726140855,116.31401615411633,0.02236141520700637,0.0166875
ICB,pulmonary,44100,20.0,0.1845199018716812,1.0,1036.695997531931,0.0039694460062391175,0.009598639455782314,20.0,0.1,0.5437467551491899,142.63102419470897,0.025496367436305734,0.0139375
ICB,pulmonary,44100,20.0,0.13865028321743011,1.0,665.3899990108445,0.0017436996699071387,0.01059297052154195,20.0,0.1,0.7213695921204497,82.81736164236197,0.01298765923566879,0.01305
ICB,pulmonary,44100,20.0,0.08118928223848343,0.6056836843490601,612.2910688618529,0.0037977115677597212,0.01700453514739229,20.0,0.1,0.7440990565571893,154.12685746129017,0.03443782344745223,0.01455
ICB,pulmonary,44100,20.0,0.16947878897190094,1.0,1265.325861086905,0.006662219330383053,0.011102040816326531,20.0,0.10000000000000002,0.6141186774213151,203.59957303084687,0.04204816878980892,0.01545
ICB,pulmonary,44100,20.0,0.1264270693063736,0.6761436462402344,2544.6530914522286,0.011500822965031922,0.011724489795918367,20.0,0.1,0.5314737270580256,154.5528115800575,0.02372362659235669,0.0138875
ICB,pulmonary,44100,20.0,0.185013085603714,1.0,644.915926445002,0.00422421376233314,0.010032879818594104,20.0,0.1,0.5491541100847515,166.08781783676474,0.03710626492834395,0.014775
ICB,pulmonary,44100,20.0,0.414990097284317,1.0,1121.0629233850432,0.003734798951683111,0.006604308390022675,20.0,0.10000000000000002,0.24504489966489967,106.62692627954983,0.020887241242038217,0.012475
ICB,pulmonary,44100,20.0,0.14243195950984955,0.6403155326843262,1959.7740717618374,0.008639149104033662,0.010646258503401361,20.0,0.1,0.44444927507666543,144.76385708753426,0.027586335589171975,0.013125
ICB,pulmonary,44100,20.0,0.5163174271583557,1.0,961.7368393964681,0.003688322965031921,0.006604308390022675,20.0,0.10000000000000002,0.20178396455754719,113.89417178194587,0.019176701831210192,0.015125
ICB,pulmonary,44100,20.0,0.06588610261678696,0.3933054208755493,1438.2246765824748,0.004511571387115497,0.01897392290249433,20.0,0.1,0.5947994639471806,103.87133563860638,0.01682859773089172,0.01435
ICB,pulmonary,44100,20.0,0.13559046387672424,0.8085315227508545,1332.536360552574,0.005581936030905397,0.013017006802721089,20.0,0.10000000000000002,0.5953647084381792,163.4449415395483,0.02786624203821656,0.0158375
ICB,pulmonary,44100,20.0,0.33301180601119995,1.0,1405.530941523477,0.004656667150319211,0.00736734693877551,20.0,0.1,0.3046716226360708,116.5686252547623,0.020212355692675158,0.0134625
ICB,pulmonary,4000,67.4,0.2886267900466919,0.999969482421875,75.27721749016419,0.0054618936788425046,0.0029562314540059345,67.4,0.09999999999999999,0.347119376868196,74.13833300616001,0.0054100080052182165,0.008609050445103858
ICB,pulmonary,44100,20.0,0.24437496066093445,1.0,930.4364436114585,0.005719947040046431,0.008781179138321996,20.0,0.1,0.4120369421902953,204.3119495965476,0.048818794785031844,0.014925
ICB,pulmonary,44100,20.0,0.09708280116319656,0.45335137844085693,308.67727853480477,0.0009210180281485781,0.008170068027210884,20.0,0.1,0.46680441463480327,49.02840297210184,0.008030205015923567,0.007875
ICB,pulmonary,44100,20.0,0.21375782787799835,1.0,1451.7649375133924,0.004915685758850842,0.011482993197278912,20.0,0.1,0.47584566485434826,126.22625707815538,0.02119202826433121,0.0194875
ICB,pulmonary,44100,20.0,0.33753538131713867,1.0,1840.4818083092703,0.00713633107225769,0.007302721088435374,20.0,0.1,0.3103257811420846,131.59465860882875,0.021148487261146497,0.013575
ICB,pulmonary,44100,20.0,0.09211413562297821,0.556902289390564,858.7866531105356,0.006278792440510737,0.015168934240362811,20.0,0.10000000000000002,0.6037168054233248,227.32541500699733,0.058942078025477705,0.0141125
ICB,pulmonary,44100,20.0,0.2715347409248352,1.0,815.2570299904563,0.0036390130767556587,0.008285714285714285,20.0,0.1,0.37100530215274086,138.15921584661652,0.029993531050955414,0.0143625
ICB,pulmonary,44100,20.0,0.20325562357902527,1.0,1496.099659891349,0.005487000326465467,0.00923015873015873,20.0,0.10000000000000002,0.4934362306074593,113.21113931056827,0.020750398089171975,0.0142625
ICB,pulmonary,44100,20.0,0.057970382273197174,0.21531641483306885,519.1091041366633,0.0012361478888566453,0.012117913832199546,20.0,0.1,0.3707856683991832,62.679191305587885,0.008263460390127389,0.0070625
ICB,pulmonary,44100,20.00002267573696,0.010577278211712837,0.0843505859375,1298.6895853501255,0.004811398179048172,0.07578902971765338,20.00025,0.1,0.7960103601891496,113.18201771435677,0.02161499800955414,0.007649904376195298
ICB,pulmonary,4000,30.0,0.057663291692733765,0.999969482421875,99.97732589477879,0.024873254654255317,0.031433333333333334,30.0,0.09682776365224104,1.0,100.69227542856852,0.024894032579787236,0.018283333333333332
ICB,pulmonary,44100,20.0,0.17728453874588013,0.9684683084487915,816.4300083012615,0.0033238832160475914,0.011870748299319727,20.0,0.10000000000000002,0.5452228710333267,107.52109220307369,0.023481041003184714,0.0179375
ICB,pulmonary,44100,20.0,0.13401895761489868,0.970274806022644,944.7942606272778,0.0028769769297736507,0.012058956916099773,20.0,0.10000000000000003,0.7027349076449604,110.51734155058898,0.01614749203821656,0.014575
ICB,pulmonary,44100,20.0,0.3011702597141266,1.0,764.9102839376947,0.005793628482298317,0.008852607709750568,20.0,0.1,0.33862328203160297,226.17680711228942,0.051493456409235666,0.0170375
ICB,pulmonary,44100,20.0,0.08543933928012848,0.34243690967559814,2601.379643059827,0.010972583702118397,0.014731292517006802,20.0,0.10000000000000002,0.39595296982006506,179.74258917333725,0.022209021695859872,0.0132875
ICB,pulmonary,44100,20.0,0.005697247572243214,0.03045058250427246,870.5214379444393,0.0038844289574869414,0.15502267573696146,20.0,0.10000000000000002,0.5318657460721231,117.14372180977594,0.025900676751592355,0.0095625
ICB,pulmonary,44100,20.0,0.03944431245326996,0.25802600383758545,655.4880758760563,0.0019080659641613465,0.023604308390022675,20.0,0.1,0.6213181673397982,103.05619656537947,0.012353204617834394,0.0092375
ICB,pulmonary,4000,14.576,0.09673242270946503,0.999969482421875,88.71496808749266,0.020379317434210526,0.025727222832052688,14.576,0.09997296946872408,1.0,88.74871020727606,0.02041358278508772,0.02481819429198683
ICB,pulmonary,44100,20.0,0.2662878632545471,1.0,1146.6777413019843,0.0042695561883343,0.008545351473922902,20.0,0.09999999999999999,0.3815186690918095,99.69109658741995,0.02471573945063694,0.0147
ICB,pulmonary,44100,20.0,0.23356303572654724,1.0,1063.3522347342362,0.003935439186738247,0.011031746031746031,20.0,0.1,0.43078302128998547,114.61774991570869,0.023844919386942675,0.0192625
ICB,pulmonary,44100,20.0,0.3464323878288269,1.0,1352.1540049230935,0.00528749365206036,0.007626984126984127,20.0,0.10000000000000002,0.29105385987059823,124.01537630792848,0.02340017914012739,0.0147875
ICB,pulmonary,44100,20.0,0.14937132596969604,1.0,336.44766657059614,0.007291912271474173,0.014470521541950113,20.0,0.1,0.6778276362517023,261.43258306166973,0.07772691082802548,0.019825
ICB,pulmonary,44100,20.0,0.0710199847817421,0.7610890865325928,1708.8517272205338,0.007039695026842716,0.017993197278911563,20.0,0.09994621799853633,1.0,143.2142367642001,0.02315137340764331,0.0137875
ICB,pulmonary,44100,20.0,0.22214427590370178,1.0,514.7579274605685,0.002091136009141033,0.009148526077097506,20.0,0.10000000000000002,0.4513807882327407,74.6649937557663,0.018766172372611464,0.014125
ICB,pulmonary,44100,20.0,0.404667466878891,1.0,1167.6282721938096,0.003379994468224028,0.006783446712018141,20.0,0.1,0.2683393276248964,109.22186153439432,0.014315659832802547,0.0132375
ICB,pulmonary,4000,30.0,0.07638171315193176,1.0,123.56573201112003,0.02599110704787234,0.023633333333333333,30.0,0.09914307941215558,1.0,123.89849467711834,0.025999418218085105,0.018075
ICB,pulmonary,44100,20.0,0.1678895503282547,1.0,993.9878532237271,0.0042335656376958795,0.011001133786848073,20.0,0.10000000000000003,0.6003737212530966,124.62680012226055,0.02744016222133758,0.0151375
ICB,pulmonary,4000,18.736,0.08877187967300415,1.0,93.06068237076022,0.023583652210884355,0.016305508112724167,18.736,0.09962545049731882,1.0,93.23409373747006,0.023583652210884355,0.014864432109308283
ICB,pulmonary,44100,20.0,0.18663376569747925,1.0,2006.1821930645747,0.008090505749419616,0.009138321995464853,20.0,0.1,0.5404833031717586,145.13288975279386,0.02398487261146497,0.0132625
ICB,pulmonary,44100,20.0,0.20151150226593018,1.0,1003.0679417012072,0.005159401298607081,0.02536167800453515,20.0,0.1,0.4998594087568702,135.671897666152,0.021820262738853503,0.0471375
ICB,pulmonary,44100,20.00002267573696,0.015912730246782303,0.13897705078125,869.325854133387,0.004734882835171213,0.06528790783683919,20.00025,0.1,0.871511644346341,173.38150147690166,0.036562002388535034,0.010812364845439432
ICB,pulmonary,44100,20.0,0.057836130261421204,0.31665027141571045,3518.305746921399,0.014568804864335462,0.015486394557823129,20.0,0.10000000000000002,0.542144800009335,103.39565693210035,0.010683096138535032,0.0092
ICB,pulmonary,44100,20.0,0.3329773247241974,1.0,1409.541205924941,0.005026207922228671,0.00740702947845805,20.0,0.1,0.30167927737969913,125.35491973558109,0.022240122412420384,0.01375
ICB,pulmonary,44100,20.0,0.046590618789196014,0.19189453125,290.38783628443264,0.0011205247025536855,0.017851473922902494,20.0,0.1,0.41154275407154256,61.35296299081714,0.009746964570063694,0.0083875
ICB,pulmonary,44100,20.0,0.12587706744670868,0.6066184043884277,1393.132124592534,0.0030617473157283806,0.011227891156462584,20.0,0.10000000000000002,0.4814718135447449,97.82829347660628,0.009435957404458599,0.0129625
ICB,pulmonary,44100,20.0,0.2485557645559311,1.0,708.6926272030217,0.002349304447185142,0.008585034013605441,20.0,0.1,0.4031568290803463,112.90245661433896,0.017671427149681528,0.0142875
ICB,pulmonary,44100,20.0,0.09125954657793045,0.526957631111145,1406.0299595849935,0.00535975814349971,0.014598639455782313,20.0,0.1,0.5761709997078043,109.2149658990606,0.022793715167197453,0.0138
ICB,pulmonary,44100,20.0,0.07705909013748169,0.48811399936676025,658.611749205377,0.0020868851567034242,0.013982993197278911,20.0,0.10000000000000002,0.6326475219427002,139.21478950091893,0.013227134753184714,0.01085
ICB,pulmonary,44100,20.0,0.2151365727186203,1.0,1011.693407178593,0.004753019805571677,0.01162358276643991,20.0,0.1,0.507107850563694,138.8896745202883,0.03341771994426752,0.0196
ICB,pulmonary,44100,20.0,0.03569333627820015,0.264312744140625,1485.919570644387,0.006557364970255369,0.025660997732426305,20.0,0.1,0.7284852360768811,142.69358083623325,0.017329319267515922,0.0088875
ICB,pulmonary,44100,20.00002267573696,0.014597458764910698,0.13470458984375,924.8807670801311,0.0051758379280325015,0.06907815297261567,20.00025,0.1,0.9218794412823228,187.8926021299288,0.03841249502388535,0.010899863751703103
ICB,pulmonary,44100,20.0,0.04977060854434967,0.24249279499053955,588.1926977307738,0.001961910095037725,0.017354875283446713,20.0,0.1,0.48662979379140764,75.88373409755812,0.014657767714968153,0.008675
ICB,pulmonary,44100,20.0,0.14881689846515656,0.6495345830917358,245.81142946932908,0.0010570453061520605,0.006139455782312925,20.0,0.1,0.43612760372853115,56.63399136615046,0.01084170979299363,0.0090125
ICB,pulmonary,44100,20.00002267573696,0.026474380865693092,0.464141845703125,723.6794860976736,0.002805279218659315,0.03554757874424179,20.00025,0.09737099368584497,1.0,104.20768605073285,0.020140824044585986,0.009512381095236309
ICB,pulmonary,44100,20.0,0.23957107961177826,1.0,1579.3453057685265,0.005553030234329658,0.008419501133786847,20.0,0.1,0.42796077939997473,131.67983183507422,0.02174251094745223,0.0131625
HLS,pulmonary,4000,15.0,0.0008139779674820602,0.007781982421875,263.69454710553924,0.06764764300847458,0.8223,15.0,0.1,0.9560575037953716,262.2030634847161,0.07512496689618645,0.03423333333333333
HLS,pulmonary,4000,15.0,0.006173333618789911,0.03070068359375,271.75576196749927,0.10529909295550847,0.13811666666666667,15.0,0.1,0.49732875596041964,271.542751507491,0.10582875397245763,0.01155
HLS,pulmonary,4000,15.0,0.0012583171483129263,0.010101318359375,228.78977965956213,0.07940363479872882,0.64175,15.0,0.10000000000000002,0.8028497966941455,227.68554935525495,0.08366988877118645,0.02535
HLS,cardiac,4000,15.0,0.013371619395911694,0.091094970703125,157.41871681719465,0.05120746159957627,0.36525,15.0,0.1,0.68126482041043,157.13882964993542,0.05197298728813559,0.05951666666666667
HLS,cardiac,4000,15.0,0.003222204279154539,0.03411865234375,157.24626078942308,0.04264598781779661,0.3215166666666667,15.0,0.0999323146380721,1.0,156.8543567222535,0.0431301310911017,0.01785
HLS,cardiac,4000,15.0,0.01093172375112772,0.093353271484375,176.25616282153467,0.05608613612288135,0.3666833333333333,15.0,0.10000000000000002,0.8539709067561427,175.9782441637228,0.056715108580508475,0.046066666666666665
HLS,cardiac,4000,15.0,0.00223854323849082,0.0286865234375,266.88508580163546,0.060133077330508475,0.82,15.0,0.09942883240054351,1.0,275.2053005272836,0.07475668697033898,0.05095
HLS,pulmonary,4000,15.0,0.0033631897531449795,0.04254150390625,212.2875668541885,0.07275804422669492,0.3047166666666667,15.0,0.09982629595169704,1.0,211.97243856767153,0.07342425847457627,0.01863333333333333
HLS,cardiac,4000,15.0,0.0015558447921648622,0.01348876953125,223.07928777591113,0.04322944253177966,0.58375,15.0,0.09999999999999998,0.8669666909663905,222.32960637893703,0.0479881157309322,0.020783333333333334
HLS,cardiac,4000,15.0,0.0011088841129094362,0.014892578125,208.69447292516278,0.054828191207627115,0.8309833333333333,15.0,0.09903956738409848,1.0,207.89812110510942,0.06298828125,0.0395
HLS,cardiac,4000,15.0,0.004594630096107721,0.07470703125,235.9681082177063,0.059520656779661014,0.30715,15.0,0.09658151411053219,1.0,236.5614992860233,0.06052204713983051,0.019433333333333334
HLS,cardiac,4000,15.0,0.003279351629316807,0.025543212890625,259.426920310514,0.05220471398305085,0.58345,15.0,0.1,0.7789494691130957,259.0608113204539,0.057029594809322036,0.043083333333333335
HLS,pulmonary,4000,15.0,0.002935561118647456,0.0269775390625,195.73649102644478,0.06645590572033898,0.3294666666666667,15.0,0.10000000000000002,0.919071750074633,195.175318935759,0.06755246954449153,0.011166666666666667
HLS,cardiac,4000,15.0,0.00507076783105731,0.03570556640625,142.20053765407977,0.04720603813559322,0.36245,15.0,0.1,0.7041699516182495,141.6885849802809,0.04788880429025424,0.023816666666666667
HLS,pulmonary,4000,15.0,0.002519315341487527,0.03448486328125,194.387146427223,0.06629038665254237,0.5009833333333333,15.0,0.09854580900368351,1.0,193.99547589366796,0.06883110434322035,0.01675
HLS,cardiac,4000,15.0,0.004329717718064785,0.046142578125,197.2650055523753,0.03978250794491525,0.45315,15.0,0.09995230019356431,1.0,196.9227871368381,0.043001853813559324,0.03065
HLS,pulmonary,4000,15.0,0.0026391695719212294,0.056304931640625,327.413088014824,0.12574897378177965,0.8033,15.0,0.08571576367675816,1.0,326.93609973818366,0.13184421345338984,0.039983333333333336
HLS,pulmonary,4000,15.0,0.0032590378541499376,0.02532958984375,195.23211072818106,0.04845156912076271,0.31093333333333334,15.0,0.1,0.7772224751159375,194.68466147734577,0.04957296080508475,0.01948333333333333
HLS,cardiac,4000,15.0,0.001826633233577013,0.021331787109375,391.7787637660319,0.12041925979872882,0.5796333333333333,15.0,0.09984714389207075,1.0,395.01507778812834,0.12394895391949153,0.0228
HLS,cardiac,4000,15.0,0.0035601798444986343,0.03875732421875,171.39992612206999,0.028063757944915255,0.35041666666666665,15.0,0.09998293466696448,1.0,171.4743258560717,0.029491359904661018,0.022533333333333332
HLS,pulmonary,4000,15.0,0.009576499462127686,0.111602783203125,268.53570793304254,0.10738877118644068,0.30573333333333336,15.0,0.0995828713471605,1.0,268.13992140508157,0.1105667372881356,0.06258333333333334
HLS,pulmonary,4000,15.0,0.0013636780204251409,0.013519287109375,213.8668416169082,0.0644779528601695,0.6273666666666666,15.0,0.1,0.9913856724401251,212.82461089339026,0.0678421279131356,0.023916666666666666
HLS,cardiac,4000,15.0,0.004863722249865532,0.046051025390625,272.01117266633725,0.0487205376059322,0.5232333333333333,15.0,0.1,0.9468199464907839,271.74720847650633,0.05393852621822034,0.03768333333333333
HLS,cardiac,4000,15.0,0.0018986240029335022,0.092864990234375,318.72900231632536,0.09145342293432203,0.6716333333333333,15.0,0.07400678842815359,1.0,318.19564337545955,0.09863695047669492,0.030766666666666668
HLS,pulmonary,4000,15.0,0.0008903481066226959,0.00799560546875,275.5438507080292,0.08740234375,0.8178166666666666,15.0,0.1,0.8981555344854789,273.6552335208131,0.09992799920550847,0.04016666666666667
HLS,cardiac,4000,15.0,0.0021319871302694082,0.017486572265625,242.30741966922318,0.05457577462923729,0.4694,15.0,0.1,0.8202355849177313,241.76730447565268,0.05686821371822034,0.01415
HLS,cardiac,4000,15.0,0.004185069352388382,0.06134033203125,199.2015048843161,0.05215505826271186,0.23376666666666668,15.0,0.09898924378767737,1.0,199.28948698096656,0.05294954978813559,0.015133333333333334
HLS,pulmonary,4000,15.0,0.005874477326869965,0.046295166015625,334.647739583563,0.15051062632415255,0.26766666666666666,15.0,0.09999999999999999,0.7880573370213871,334.21049644843936,0.1524306475105932,0.0224
HLS,cardiac,4000,15.0,0.0009264483815059066,0.010894775390625,207.02390562558628,0.04400738215042373,0.7822333333333333,15.0,0.09972730312836481,1.0,205.9478761314361,0.05272609904661017,0.035116666666666664
HLS,pulmonary,4000,15.0,0.0012175319716334343,0.020477294921875,285.88491981751133,0.09963006488347458,0.7606666666666667,15.0,0.09763888717255019,1.0,284.98703265027694,0.10821636652542373,0.03865
HLS,cardiac,4000,15.0,0.0026853710878640413,0.0311279296875,381.2811867073634,0.11636404263771187,0.5890833333333333,15.0,0.0999523289087107,1.0,382.35769509061856,0.12386619438559322,0.030033333333333332
HLS,cardiac,4000,15.0,0.002718506380915642,0.03411865234375,311.5746086000693,0.08285056938559322,0.41525,15.0,0.09923222126538317,1.0,311.4418101802426,0.08440644862288135,0.012966666666666666
HLS,pulmonary,4000,15.0,0.002138077048584819,0.021270751953125,246.36759045383292,0.09123824814618645,0.47255,15.0,0.10000000000000002,0.994936131758544,245.7336441094452,0.09288930084745763,0.015133333333333334
HLS,cardiac,4000,15.0,0.0013109812280163169,0.007781982421875,207.6252553128893,0.0384128376588983,0.5923,15.0,0.1,0.5935953056057923,206.73677474393506,0.042828058792372885,0.0206
HLS,pulmonary,4000,15.0,0.0033554083202034235,0.0347900390625,264.4538028792206,0.1115184719279661,0.39355,15.0,0.09998338224094652,1.0,264.01589878735416,0.11309917902542373,0.027133333333333332
HLS,cardiac,4000,15.0,0.0024202275089919567,0.025177001953125,184.84809840412032,0.037821106991525424,0.6405333333333333,15.0,0.09994038168910142,1.0,184.15211953947122,0.042430813029661014,0.024983333333333333
HLS,pulmonary,4000,15.0,0.0005638596485368907,0.005767822265625,353.9903858822664,0.1309959282309322,0.9240166666666667,15.0,0.09999612340900968,1.0,351.793281636599,0.15471481064618645,0.07811666666666667
HLS,pulmonary,4000,15.0,0.0011713061248883605,0.018157958984375,399.84785612029094,0.1574169094279661,0.8688333333333333,15.0,0.09885283574789745,1.0,402.6950204205907,0.1777385129766949,0.0765
HLS,cardiac,4000,15.0,0.004569159355014563,0.03369140625,143.50933291384507,0.024918895656779662,0.22956666666666667,15.0,0.1,0.7373813990791009,143.10566855299646,0.025672007415254237,0.01445
HLS,cardiac,4000,15.0,0.002364092506468296,0.017059326171875,296.052797506047,0.07548083289194915,0.46313333333333334,15.0,0.1,0.7215952508169237,295.7110161998288,0.07812913797669492,0.016983333333333333
HLS,cardiac,4000,15.0,0.003958281595259905,0.04547119140625,154.6047166689172,0.036004535222457626,0.26968333333333333,15.0,0.09972330029528317,1.0,154.33776028564984,0.03712178893008475,0.0172
HLS,cardiac,4000,15.0,0.003622341901063919,0.027008056640625,182.31414276314945,0.03418796345338983,0.4850833333333333,15.0,0.1,0.7455365420661024,181.80524988277807,0.03678661281779661,0.03241666666666667
HLS,cardiac,4000,15.0,0.002079631667584181,0.013580322265625,205.23369144894255,0.04787639036016949,0.43946666666666667,15.0,0.1,0.652991115752506,204.60152257474925,0.05008606991525424,0.014333333333333333
HLS,pulmonary,4000,15.0,0.008967452682554722,0.191680908203125,241.5928785646585,0.10293217028601695,0.20776666666666666,15.0,0.09118400043019817,1.0,242.44189606172887,0.10349493511652542,0.019966666666666667
HLS,cardiac,4000,15.0,0.003145059337839484,0.033416748046875,157.11756117412602,0.0316844875529661,0.2875666666666667,15.0,0.09998821224064995,1.0,156.9997497638161,0.032545186705508475,0.01525
HLS,cardiac,4000,15.0,0.0022232781630009413,0.029296875,158.3373330836732,0.034713486493644065,0.4058,15.0,0.09906654642334799,1.0,158.00531711643512,0.03579763638771186,0.012633333333333333
HLS,pulmonary,4000,15.0,0.0015530064702033997,0.01251220703125,401.5678975791408,0.1775109242584746,0.6561333333333333,15.0,0.1,0.8057062449515391,400.5224747471941,0.1830475370762712,0.02995
HLS,cardiac,4000,15.0,0.005640152841806412,0.088592529296875,262.0232857762655,0.04656051377118644,0.36201666666666665,15.0,0.09923293274115859,1.0,265.21455735321854,0.04794259798728814,0.023983333333333332
HLS,pulmonary,4000,15.0,0.0011648539220914245,0.009033203125,203.4305640600688,0.047955011917372885,0.65995,15.0,0.1,0.7754744138029421,202.32765149541203,0.0538185248940678,0.02581666666666667
HLS,cardiac,4000,15.0,0.0018147103255614638,0.024871826171875,269.47495045071213,0.06733729475635593,0.5493333333333333,15.0,0.0998566995488752,1.0,270.24990560182766,0.07078422934322035,0.01948333333333333
HLS,cardiac,4000,15.0,0.0030663369689136744,0.066192626953125,285.3181406241322,0.07019249867584745,0.35095,15.0,0.09248948121528844,1.0,286.0073836097749,0.0708835407838983,0.016416666666666666
HLS,cardiac,4000,15.0,0.004213185049593449,0.04351806640625,189.55129178393102,0.035379700741525424,0.4084333333333333,15.0,0.09999206500139812,1.0,189.2205840632636,0.03765558792372881,0.02666666666666667
HLS,cardiac,4000,15.0,0.0021152044646441936,0.02764892578125,243.40659496904487,0.07371805481991525,0.5260666666666667,15.0,0.09899703864558736,1.0,243.6321419369701,0.0760104939088983,0.018183333333333333
HLS,cardiac,4000,15.0,0.004512394778430462,0.0814208984375,287.5979850133587,0.0694973185911017,0.22796666666666668,15.0,0.09924556165065429,1.0,291.8799532105646,0.0699318061440678,0.014716666666666666
HLS,cardiac,4000,15.0,0.0064446646720170975,0.052825927734375,119.58745501471363,0.02943756620762712,0.27326666666666666,15.0,0.10000000000000002,0.8196952128564239,119.25024032494578,0.029859639830508475,0.0256
HLS,pulmonary,4000,15.0,0.005890196654945612,0.046661376953125,238.75935466360286,0.10035421080508475,0.19763333333333333,15.0,0.1,0.792189195619309,238.47078841684254,0.1005859375,0.012116666666666666
HLS,cardiac,4000,15.0,0.003105317475274205,0.026947021484375,220.9261309448546,0.05026400291313559,0.6460166666666667,15.0,0.1,0.8677848605803111,220.4660284737235,0.05746408236228814,0.043366666666666664
HLS,pulmonary,4000,15.0,0.0035592280328273773,0.045379638671875,185.38343345434137,0.0651069253177966,0.3161,15.0,0.09968353288161111,1.0,185.22285372174983,0.06639383606991525,0.0198
HLS,cardiac,4000,15.0,0.008375875651836395,0.07379150390625,245.36687824889654,0.04653982388771186,0.22661666666666666,15.0,0.1,0.88097940106848,245.22811895410553,0.047193624205508475,0.0211
HLS,pulmonary,4000,15.0,0.0025919799227267504,0.014984130859375,331.92136315649697,0.13532011387711865,0.4841666666666667,15.0,0.1,0.578121853529594,331.1851880686308,0.13863049523305085,0.019666666666666666
