epoch,train_loss,train_acc,train_f1,train_f2,train_recall,val_loss,val_acc,val_f1,val_f2,val_recall,lr
1,0.9026581486847365,0.735839612935517,0.5157014681892332,0.659383636648068,0.8097982708933718,1.2496089800596981,0.8908863920099875,0.7333740085417938,0.6640883977900552,0.6247401247401247,0.001
2,0.7132944579391356,0.8256819508939743,0.6266452266094932,0.7403810971319204,0.8422990714056996,0.7580425162217144,0.9043695380774033,0.8080200501253133,0.8256504814587174,0.8378378378378378,0.001
3,0.6480558893233608,0.8473152962767289,0.6611957796014069,0.7666332808699384,0.8578290105667628,0.8041519528489732,0.9006242197253433,0.8017928286852589,0.8224356354720065,0.8367983367983368,0.001
4,0.6102599281724136,0.8596335122208937,0.6818754726493572,0.7816563601687568,0.8661543387768171,0.7727029185281711,0.8569288389513109,0.7424719101123596,0.8080610448053218,0.8586278586278586,0.001
5,0.5718103306638821,0.8705336039818703,0.7013853258081068,0.7963879988348384,0.8754402817803394,0.858404253999913,0.9068664169787766,0.8046097433211106,0.8008342022940563,0.7983367983367984,0.001
6,0.5532225946912948,0.8735366904874454,0.7068832173240526,0.8004904536696444,0.878001921229587,0.6826374168067092,0.8801498127340824,0.7781885397412199,0.8336633663366336,0.8752598752598753,0.001
7,0.5376269647950667,0.8780135138892751,0.7156284436377779,0.8078442850870774,0.8837656099903939,1.3283075910542956,0.899625468164794,0.7584134615384616,0.6934065934065934,0.6559251559251559,0.001
8,0.5144808072370659,0.8844923949614882,0.7273562614859543,0.8154765408842055,0.8871277617675313,0.8010225962703297,0.884394506866417,0.7755695588948134,0.808244089715094,0.8316008316008316,0.001
9,0.4990415489156841,0.8876345132497289,0.7340922550503389,0.8218653307794312,0.8930515529939161,1.1495424474074452,0.9028714107365793,0.7778412335808109,0.7343109769247358,0.7079002079002079,0.001
10,0.47792593622053176,0.8912493395990323,0.7420354857858981,0.829670491754919,0.9005763688760807,1.6851835859102313,0.8881398252184769,0.7210460772104608,0.6444790739091718,0.6018711018711018,0.001
11,0.46291413498750844,0.8970330617579179,0.7532155948017327,0.8373588596153276,0.9047390329811079,1.3286902408026038,0.90187265917603,0.7773371104815864,0.7374758116534079,0.7130977130977131,0.001
12,0.4599414648019382,0.8993687957066986,0.7576183778715424,0.8399417862128368,0.9055395453089977,1.20020180170944,0.8968789013732834,0.7675858187957231,0.731288869826292,0.7089397089397089,0.001
13,0.44114634236530875,0.9018157550816116,0.76309963099631,0.8451981095621675,0.9105027217419148,1.5706827497969007,0.8968789013732834,0.7600232423009878,0.7097894508356848,0.6798336798336798,0.001
14,0.43701233712395027,0.9017045296554792,0.7634660421545667,0.8468663717602352,0.9133845661223183,1.3583679151200991,0.8923845193508115,0.7643521049753964,0.7412513255567338,0.7266112266112266,0.001
15,0.4251183018971314,0.9029558156994689,0.7660230624832395,0.8487846912699828,0.914665385846942,0.8001177735845285,0.8556803995006242,0.7419642857142857,0.8105735466250488,0.8638253638253638,0.001
