epoch,train_loss,train_acc,train_f1,val_loss,val_acc,val_f1
1,0.05347853921128702,0.9875623926028967,0.9920092524445379,0.03957425280147819,0.9905085959885387,0.9936259771497294
2,0.008644803204045502,0.9981998199819982,0.9988441128566174,0.031663101020054304,0.9881805157593123,0.9920749279538905
3,0.006427537081349775,0.9984862122575894,0.9990278252187393,0.004053710319170056,0.9987464183381088,0.9991520290732889
4,0.004882358033392363,0.998690778168726,0.9991593989702637,0.0007631002062685848,1.0,1.0
5,0.004510722880833887,0.9984043858931347,0.9989755444062097,0.0005747367003659538,1.0,1.0
6,0.0024006663018334043,0.9991817363554537,0.9994745691467003,0.0004964704215573576,1.0,1.0
7,0.004381466565489494,0.9985271254398167,0.9990541250656858,0.0018394557609267145,1.0,1.0
8,0.0018757992214113526,0.9995908681777269,0.9997372845733501,0.0005920734902099905,1.0,1.0
9,0.0014713284572475064,0.9997136077244088,0.9998160847061296,0.00018348048621510762,1.0,1.0
10,0.0017818965704579637,0.9995908681777269,0.9997372569626904,0.0001183526693719623,1.0,1.0
11,0.002347917972788827,0.999222649537681,0.9995008538027059,6.866650563526044e-05,1.0,1.0
12,0.0013281084797319845,0.9997136077244088,0.9998161136942759,0.00011133876059967219,1.0,1.0
13,0.0019821167405539557,0.9993044759021357,0.9995533955076842,0.006680696526001905,0.9978510028653295,0.9985454545454545
14,0.0009856212347451718,0.9996317813599542,0.9997635499041063,0.0001683642493026404,1.0,1.0
15,0.0013040300773074264,0.9995499549954996,0.9997110054383522,0.00016338260381429587,1.0,1.0
