metrica,media,std
icbhi_score,0.5106506447255642,0.03234844156835506
se,0.19745476357013167,0.13954090985204473
sp,0.8238465258809967,0.10137494725736175
accuracy_4class,0.5305055240039824,0.0528494787548479
crackle_auc,0.6311101697280465,0.05072622885222119
crackle_precision,0.5281418631040732,0.08413389493428378
crackle_recall,0.21365015618820796,0.21531413500326427
crackle_f1,0.2620628508833255,0.2057497067001218
wheeze_auc,0.714234928743674,0.061123737715196226
wheeze_precision,0.38874608577964065,0.1865620371679366
wheeze_recall,0.2247753539704142,0.2090684899856363
wheeze_f1,0.25187745354735086,0.2166071839463578
