epoch,train_loss,train_acc,train_f1,train_recall,val_loss,val_acc,val_f1,val_recall
1,0.6647810520836442,0.5882956324569454,0.5610177296799448,0.5305966898954704,0.6178928061370993,0.6599250936329588,0.5546108567691301,0.4304568527918782
2,0.6333414875057394,0.6307293634940344,0.6065347445927289,0.5740418118466899,0.682045793834697,0.6222222222222222,0.4142469996128533,0.2715736040609137
3,0.6177079167002022,0.6458457053393079,0.6231617647058824,0.5905923344947736,0.6585462066341429,0.6664169787765294,0.5483434753211629,0.4116751269035533
4,0.6001480095672124,0.6657668844139718,0.6461274649899972,0.615418118466899,0.6542185716786784,0.6644194756554307,0.5733333333333334,0.4583756345177665
5,0.5817338848148766,0.6814230956108621,0.666402849228334,0.6417682926829268,0.7471509883484888,0.6554307116104869,0.5007235890014472,0.35126903553299493
6,0.5643710583079964,0.6963234897154889,0.6820417161268442,0.6569033101045296,0.7059964143697838,0.6237203495630462,0.5722395685495316,0.5116751269035533
7,0.5451880032227311,0.715164930086919,0.7042600896860987,0.6840156794425087,0.6621971641214897,0.6217228464419475,0.6104397017228079,0.6025380710659899
8,0.5249012021133389,0.7299573503212222,0.7193356525642465,0.6979529616724739,0.6932074565417162,0.6034956304619226,0.6303538175046555,0.6873096446700507
9,0.5055308918751374,0.7460994439345678,0.7383879401457418,0.7226698606271778,0.6893661569045872,0.6199750312109863,0.6063114330056907,0.5949238578680203
10,0.48682781916705203,0.7614317335204881,0.7541311967951928,0.737913763066202,0.7021369793311636,0.6387016229712859,0.5857429144002291,0.5192893401015228
11,0.4659019901062174,0.7747665065054257,0.7689922480620155,0.7560975609756098,0.7566618116458554,0.6109862671660424,0.6160670280926565,0.6345177664974619
12,0.4446206563223015,0.7870215407871295,0.7824168551100326,0.7723214285714286,0.8655489836148592,0.6354556803995006,0.5262816353017521,0.4116751269035533
13,0.4216023652592044,0.8024618042433731,0.7982799492805557,0.7883275261324042,0.7745480734906095,0.6232209737827715,0.6471826046294131,0.7025380710659899
14,0.4033615432093598,0.8156346164228256,0.8115446167430054,0.8006315331010453,0.8365525839638696,0.6314606741573033,0.5739030023094688,0.5045685279187817
15,0.3786338320375937,0.8278356637693678,0.8245971068698091,0.8162020905923345,0.9502570567813036,0.6344569288389513,0.5500921942224954,0.4543147208121827
16,0.3645380672841905,0.8330184095448901,0.8295022325119894,0.8192508710801394,0.8590415006105819,0.6187265917602996,0.6179634726044534,0.6269035532994924
17,0.342410359999238,0.8511580197592182,0.8489728841413311,0.84375,1.2493639086660338,0.6184769038701623,0.43864805290227776,0.3030456852791878
18,0.32703137895892714,0.8548831182853749,0.8526154183572761,0.8465810104529616,1.0693003473656901,0.5752808988764045,0.639236479321315,0.7649746192893401
19,0.31689352298448353,0.8607137072828376,0.8590163934426229,0.855836236933798,0.9301644367076336,0.6234706616729089,0.6218655967903711,0.6294416243654822
20,0.3018634470577587,0.8684338390109594,0.8663265865832922,0.8598649825783972,0.9174886234020919,0.6397003745318353,0.6209613869188337,0.6
21,0.28182265857608774,0.8799870431355612,0.8781450419338924,0.8721689895470384,1.1001026007938624,0.6197253433208489,0.5659732117412368,0.5040609137055837
22,0.25838781654567666,0.8907304432327376,0.889071577332018,0.8831663763066202,1.0747155363714502,0.6431960049937578,0.5968970380818054,0.5370558375634518
23,0.2619414347452356,0.8894887437240188,0.8878909031162714,0.8826219512195121,1.087710899261574,0.633458177278402,0.5867117117117117,0.5289340101522843
24,0.23973282364933213,0.899584300599255,0.8982049036777583,0.8935104529616724,1.2770012568166194,0.6284644194756555,0.5273189326556544,0.4213197969543147
25,0.22942009392840387,0.9030394644496031,0.9017182882784284,0.8971036585365854,1.2342932426527644,0.6399500624219725,0.5473948524795983,0.44263959390862945
26,0.2227612402544921,0.9098958052151379,0.9087629147761439,0.9050522648083623,1.5061520613386958,0.6344569288389513,0.5171503957783641,0.3979695431472081
27,0.2021435349431517,0.9191815580629488,0.9181833087391376,0.9146341463414634,1.397622311907761,0.6222222222222222,0.5460546054605461,0.4619289340101523
28,0.20425256721686255,0.9181558062948766,0.917203713817586,0.9143074912891986,1.266229169979487,0.5952559300873907,0.6529651038321559,0.7741116751269036
29,0.19511757478426053,0.9215029962749015,0.9205724898940238,0.9174651567944251,1.3096045433730816,0.6299625468164795,0.5581395348837209,0.4751269035532995
30,0.1809113981626702,0.9281973762349511,0.9273938202860574,0.9248693379790941,1.4416484972399273,0.6419475655430712,0.5701438848920863,0.482741116751269
