epoch,train_loss,val_mean_auc,seconds
1,0.99185124431155,0.6334441170788547,101.78862449992448
2,0.9559858306589883,0.6883498297041919,101.9502160998527
3,0.9167255898263436,0.7133094602794718,102.2318173001986
4,0.8854139834988639,0.7271830852483246,101.05743010016158
5,0.8471869969602351,0.7385845666869376,101.73237789981069
6,0.8329005008621659,0.7455441345367912,101.56691530020908
7,0.8238230307683868,0.7513352945543901,101.42581479996444
8,0.8026744113957062,0.7560030484921079,101.8848202000372
9,0.786845288285195,0.7611549517589589,102.01064580003732
10,0.7891075424683531,0.7666578675147703,102.30021289992146
11,0.7661124034797219,0.7617085439180192,101.58851159992628
12,0.7558881225492189,0.763462083218809,101.51505940011702
13,0.7506965843026824,0.7665497455219654,101.76832350017504
14,0.7393058430839586,0.7656008300044614,101.054820000194
15,0.7367944128285357,0.7692462685208663,101.48135020001791
16,0.7263069902817195,0.7734458994219058,101.57716630003416
17,0.7167324259198063,0.7736289358686221,101.6070034999866
18,0.7251239188874375,0.7747975909021454,101.52837019995786
19,0.6993152188658182,0.7725120505436711,101.30166379990987
20,0.6970859769202429,0.7789622563886054,101.80674729985184
21,0.6914746215878266,0.778127446415262,101.83925419999288
22,0.6728149916680398,0.7826790986627898,102.912721300032
23,0.6751671237429941,0.7770428834565644,101.626153399935
24,0.6669356757983019,0.7803919202378331,102.21275089983828
25,0.6715825240563025,0.7800681179187526,101.56744510005228
26,0.650612893010805,0.7808742360311782,102.60271080001256
27,0.6557575612328115,0.783248389197694,102.10621180012822
28,0.6411958757631474,0.784346414767799,101.1753334000241
29,0.6363990825665008,0.7843966712743331,103.50603659986518
30,0.6305914604844953,0.7850516478014438,102.41845389991067
