epoch,train_loss,train_acc,train_f1,train_f2,train_recall,val_loss,val_acc,val_f1,val_f2,val_recall
1,0.978889557667262,0.6828807428602278,0.46424662531922656,0.6178984170146644,0.7928348909657321,1.257656539907765,0.8943820224719101,0.7237099934683213,0.6271224813221644,0.5758835758835759
2,0.7872653492923329,0.7979269016897911,0.5862716922736819,0.7099641270011243,0.8261682242990654,0.965458283509208,0.9153558052434457,0.807057484348321,0.7635149687701916,0.737006237006237
3,0.7186068298137968,0.8289693894077633,0.6291266682275813,0.739324235086947,0.8370716510903426,0.882234520613031,0.9066167290886392,0.7967391304347826,0.775497249259416,0.761954261954262
4,0.6877727397335263,0.8358257301732981,0.6414337931847659,0.7509248522997074,0.8473520249221184,0.8931493986858411,0.9143570536828963,0.8148947652455477,0.7965815572905677,0.7848232848232848
5,0.6509364550059489,0.845111483021109,0.6556235746008883,0.7602583375090474,0.8507788161993769,0.7609154299292225,0.8347066167290886,0.7206751054852321,0.8124048706240488,0.8877338877338877
6,0.6212660078191992,0.8559088700534471,0.6741545598827982,0.7746478873239436,0.8601246105919003,1.717379796391495,0.8724094881398252,0.6591060707138092,0.5632839224629419,0.5135135135135135
7,0.6144003973520518,0.8604977595421908,0.6832556999264525,0.7833932988531594,0.8682242990654205,0.6061762011955293,0.9061173533083645,0.8206106870229007,0.8631071858691288,0.893970893970894
8,0.5969400189031389,0.8662743616044917,0.6923363557322072,0.7881341553079577,0.8682242990654205,0.667654659320948,0.8813982521847691,0.782608695652174,0.843028988365214,0.8887733887733887
9,0.579554699991625,0.871295146574529,0.7017763322491869,0.7957898320472083,0.8738317757009346,0.8361058973175904,0.9086142322097378,0.8044871794871795,0.7912988650693569,0.7827442827442828
10,0.5568893851547129,0.8768018139610214,0.7120141342756183,0.8035205651133644,0.878816199376947,1.7105192537829932,0.8893882646691635,0.7110241356816699,0.6166553518895678,0.5665280665280665
11,0.5370388958428776,0.8808508340981482,0.7198883106993273,0.8098692101205095,0.8834890965732087,1.3513132907905978,0.9043695380774033,0.7637260950030845,0.6867095629021522,0.6434511434511434
12,0.5362685462497632,0.8784214220158721,0.7155128852956039,0.8070215433717086,0.8822429906542056,0.7078804624735491,0.8794007490636704,0.7731329262564585,0.8205383848454636,0.8555093555093555
13,0.524912758000448,0.8820925336068671,0.7230535125538929,0.8138273578442566,0.8881619937694704,1.1785292986678086,0.9103620474406992,0.7940332759609868,0.7474616547850508,0.7193347193347194
14,0.5057124918238144,0.8872212924472278,0.7326935380678183,0.8205789624534251,0.8919003115264797,0.843123688715767,0.9081148564294632,0.8093264248704664,0.8108388704318937,0.8118503118503119
15,0.4943463695633008,0.8906224693624143,0.7398561890087314,0.8270180273280514,0.8975077881619937,0.6947980915367157,0.8966292134831461,0.7988338192419825,0.8313106796116505,0.8544698544698545
